City_ID,City,Country,Date,Lat,Lng,Max Temp,Humidity,Cloudiness,Wind Speed
0,Port Alfred,ZA,2020-12-02 00:07:23,-33.59,26.89,61.12,71,77,19.1
1,Gilbues,BR,2020-12-02 00:07:23,-9.83,-45.34,77.09,56,62,3.02
2,Cape Town,ZA,2020-12-02 00:05:59,-33.93,18.42,61.0,67,40,20.8
3,Barrow,US,2020-12-02 00:07:23,71.29,-156.79,5.0,77,90,23.04
4,Mataura,NZ,2020-12-02 00:07:23,-46.19,168.86,70.95,26,82,14.76
5,Mnogovershinnyy,RU,2020-12-02 00:05:30,53.94,139.92,1.53,93,87,8.55
6,Saint George,US,2020-12-02 00:04:06,37.1,-113.58,59.0,15,1,8.05
7,Haines Junction,CA,2020-12-02 00:07:23,60.75,-137.51,33.8,96,100,3.36
8,Busselton,AU,2020-12-02 00:07:23,-33.65,115.33,60.01,65,21,5.01
9,Georgetown,MY,2020-12-02 00:05:52,5.41,100.34,77.0,88,20,2.24
10,Beringovskiy,RU,2020-12-02 00:07:23,63.05,179.32,-0.74,93,98,10.0
11,Ushuaia,AR,2020-12-02 00:02:39,-54.8,-68.3,39.2,86,40,16.11
12,Sisimiut,GL,2020-12-02 00:07:23,66.94,-53.67,17.64,91,99,3.67
13,Thompson,CA,2020-12-02 00:07:24,55.74,-97.86,15.8,92,40,4.7
14,Sambava,MG,2020-12-02 00:07:24,-14.27,50.17,73.78,91,16,5.06
15,Miri,MY,2020-12-02 00:07:24,4.41,114.01,77.0,94,20,2.24
16,Nikolskoye,RU,2020-12-02 00:07:24,59.7,30.79,35.6,93,75,4.47
17,Albany,US,2020-12-02 00:07:24,42.6,-73.97,43.0,50,56,1.01
18,Cabedelo,BR,2020-12-02 00:07:24,-6.98,-34.83,78.8,78,20,10.29
19,Talnakh,RU,2020-12-02 00:07:24,69.49,88.4,26.6,100,90,29.08
20,Kapaa,US,2020-12-02 00:07:24,22.08,-159.32,80.6,69,1,6.93
21,Sao Gabriel Da Cachoeira,BR,2020-12-02 00:07:24,-0.13,-67.09,74.82,93,99,1.77
22,Songjianghe,CN,2020-12-02 00:07:24,42.19,127.48,14.41,83,0,3.87
23,Hermanus,ZA,2020-12-02 00:07:25,-34.42,19.23,57.99,71,50,10.0
24,Kodiak,US,2020-12-02 00:03:29,57.79,-152.41,44.6,81,90,9.73
25,Norman Wells,CA,2020-12-02 00:07:25,65.28,-126.83,6.8,92,20,3.36
26,Brandenburg,DE,2020-12-02 00:07:25,52.42,12.55,37.99,80,62,4.47
27,Chokurdakh,RU,2020-12-02 00:07:25,70.63,147.92,-1.32,93,98,12.06
28,Wajir,KE,2020-12-02 00:07:25,1.75,40.06,77.81,74,2,12.3
29,Yellowknife,CA,2020-12-02 00:06:35,62.46,-114.35,24.8,100,75,19.46
30,Lebu,CL,2020-12-02 00:07:25,-37.62,-73.65,53.01,77,5,18.57
31,Jamestown,US,2020-12-02 00:07:25,42.1,-79.24,30.99,92,90,11.41
32,Pevek,RU,2020-12-02 00:07:25,69.7,170.31,-9.94,88,39,7.63
33,Vaini,TO,2020-12-02 00:07:25,-21.2,-175.2,82.4,74,75,8.05
34,Lawrence,US,2020-12-02 00:07:25,38.97,-95.24,46.4,42,1,11.41
35,Grand Gaube,MU,2020-12-02 00:07:25,-20.01,57.66,75.99,85,3,4.0
36,Dataganj,IN,2020-12-02 00:07:26,28.03,79.4,58.42,37,11,4.52
37,Roald,NO,2020-12-02 00:07:26,62.58,6.13,46.4,49,83,16.11
38,Da Lat,VN,2020-12-02 00:06:18,11.95,108.44,60.55,94,44,7.2
39,Hilo,US,2020-12-02 00:07:26,19.73,-155.09,80.6,61,20,8.05
40,Kargalinskaya,RU,2020-12-02 00:07:26,43.74,46.48,44.65,88,100,12.53
41,Anisoc,GQ,2020-12-02 00:07:26,1.87,10.77,69.46,96,82,1.7
42,Eydhafushi,MV,2020-12-02 00:07:26,5.1,73.07,82.42,74,100,7.81
43,Khambhat,IN,2020-12-02 00:07:26,22.3,72.62,70.79,35,0,10.4
44,Sousa,BR,2020-12-02 00:07:26,-6.76,-38.23,87.04,43,92,14.2
45,Rikitea,PF,2020-12-02 00:07:26,-23.12,-134.97,75.6,66,39,5.28
46,Paramonga,PE,2020-12-02 00:02:33,-10.67,-77.83,66.22,82,90,7.47
47,Tiksi,RU,2020-12-02 00:07:27,71.69,128.87,-2.52,88,100,25.88
48,Bredasdorp,ZA,2020-12-02 00:07:27,-34.53,20.04,50.0,81,84,5.82
49,Freeport,US,2020-12-02 00:07:27,40.66,-73.58,45.0,56,75,24.16
50,Riyadh,SA,2020-12-02 00:04:17,24.69,46.72,62.6,93,75,5.82
51,Punta Arenas,CL,2020-12-02 00:07:27,-53.15,-70.92,42.8,56,75,33.33
52,Puerto Ayora,EC,2020-12-02 00:07:27,-0.74,-90.35,71.01,93,69,3.0
53,Bluff,NZ,2020-12-02 00:07:27,-46.6,168.33,64.18,41,73,22.59
54,Ostrovnoy,RU,2020-12-02 00:07:27,68.05,39.51,29.34,96,93,12.24
55,Port Keats,AU,2020-12-02 00:07:27,-14.25,129.55,81.59,78,100,6.31
56,Xudat,AZ,2020-12-02 00:07:27,41.63,48.68,43.54,73,17,5.91
57,Amursk,RU,2020-12-02 00:07:27,50.23,136.9,8.24,83,68,9.31
58,Plettenberg Bay,ZA,2020-12-02 00:07:27,-34.05,23.37,58.48,71,68,9.26
59,Tuatapere,NZ,2020-12-02 00:07:28,-46.13,167.68,62.46,55,71,19.51
60,Jatiroto,ID,2020-12-02 00:07:28,-7.88,111.12,76.64,80,99,0.76
61,Beloha,MG,2020-12-02 00:07:28,-25.17,45.05,68.59,92,40,3.33
62,Mahebourg,MU,2020-12-02 00:07:28,-20.41,57.7,75.2,94,75,10.29
63,Kavaratti,IN,2020-12-02 00:07:28,10.57,72.64,82.31,74,93,14.16
64,Pemangkat,ID,2020-12-02 00:07:28,1.17,108.97,78.64,86,96,4.14
65,Hobart,AU,2020-12-02 00:04:48,-42.88,147.33,57.99,44,40,17.22
66,Dingle,PH,2020-12-02 00:07:28,11.0,122.67,80.24,84,100,10.6
67,Olafsvik,IS,2020-12-02 00:07:28,64.89,-23.71,32.76,96,95,19.13
68,Faanui,PF,2020-12-02 00:07:28,-16.48,-151.75,80.35,79,5,15.41
69,Imbituba,BR,2020-12-02 00:03:23,-28.24,-48.67,69.8,94,75,5.82
70,Sept-Iles,CA,2020-12-02 00:04:22,50.2,-66.38,44.01,100,100,4.7
71,Castro,BR,2020-12-02 00:07:29,-24.79,-50.01,64.27,97,18,7.9
72,Souillac,MU,2020-12-02 00:07:29,-20.52,57.52,75.2,94,75,10.29
73,Qaanaaq,GL,2020-12-02 00:07:29,77.48,-69.36,-0.96,85,100,7.16
74,Yulara,AU,2020-12-02 00:07:29,-25.24,130.99,77.0,27,100,23.04
75,Sibu,MY,2020-12-02 00:07:29,2.3,111.82,75.2,94,40,2.24
76,Mana,GF,2020-12-02 00:07:29,5.66,-53.78,77.38,87,24,8.21
77,Atar,MR,2020-12-02 00:07:29,20.52,-13.05,77.67,23,100,4.27
78,Basoko,CD,2020-12-02 00:07:29,1.24,23.62,74.32,73,92,0.83
79,Lorengau,PG,2020-12-02 00:07:29,-2.02,147.27,85.12,73,77,7.74
80,Hambantota,LK,2020-12-02 00:07:29,6.12,81.12,78.21,85,100,4.74
81,Camacha,PT,2020-12-02 00:07:30,33.08,-16.33,64.4,82,40,14.99
82,San Vicente,AR,2020-12-02 00:07:30,-26.62,-54.13,70.74,81,64,2.84
83,Beira,MZ,2020-12-02 00:03:55,-19.84,34.84,78.12,87,50,9.17
84,Stephenville,US,2020-12-02 00:04:37,32.22,-98.2,53.6,25,1,10.29
85,Port Elizabeth,ZA,2020-12-02 00:06:40,-33.92,25.57,59.0,87,75,13.87
86,Bethel,US,2020-12-02 00:05:57,41.37,-73.41,42.8,56,75,9.17
87,Coquimbo,CL,2020-12-02 00:03:18,-29.95,-71.34,60.8,72,20,10.29
88,Ust-Nera,RU,2020-12-02 00:07:30,64.57,143.2,-24.16,77,89,4.56
89,New Norfolk,AU,2020-12-02 00:07:30,-42.78,147.06,57.99,57,13,4.0
90,Pisco,PE,2020-12-02 00:07:30,-13.7,-76.22,68.0,77,0,20.8
91,Arraial Do Cabo,BR,2020-12-02 00:06:16,-22.97,-42.03,77.0,100,75,2.24
92,Leningradskiy,RU,2020-12-02 00:07:30,69.38,178.42,-4.11,85,0,4.03
93,Jefferson City,US,2020-12-02 00:07:30,38.58,-92.17,42.8,35,1,4.7
94,Rochegda,RU,2020-12-02 00:07:31,62.8,43.25,27.73,96,100,9.55
95,Longyearbyen,SJ,2020-12-02 00:03:44,78.22,15.64,8.6,55,40,3.36
96,Simao,CN,2020-12-02 00:07:31,22.79,100.97,49.62,94,5,1.83
97,Tiznit,MA,2020-12-02 00:07:31,29.58,-9.5,61.99,41,0,7.25
98,Denpasar,ID,2020-12-02 00:06:18,-8.65,115.22,78.8,83,20,1.12
99,Hithadhoo,MV,2020-12-02 00:07:31,-0.6,73.08,82.02,73,95,12.37
100,Waipawa,NZ,2020-12-02 00:07:31,-41.41,175.52,57.99,62,96,24.16
101,Campoverde,PE,2020-12-02 00:07:31,-8.48,-74.81,78.8,83,75,4.7
102,Batagay,RU,2020-12-02 00:07:31,67.63,134.63,-6.68,90,100,3.69
103,Khatanga,RU,2020-12-02 00:07:31,71.97,102.5,30.02,98,100,23.62
104,Muriti,TZ,2020-12-02 00:07:31,-1.98,32.92,72.9,64,63,1.3
105,Porto Santo,PT,2020-12-02 00:07:31,33.07,-16.34,64.4,82,40,14.99
106,Kruisfontein,ZA,2020-12-02 00:07:31,-34.0,24.73,57.0,77,61,1.99
107,Luohe,CN,2020-12-02 00:04:37,33.57,114.04,32.9,94,37,4.5
108,Salinopolis,BR,2020-12-02 00:07:32,-0.61,-47.36,79.39,85,23,10.83
109,Bambous Virieux,MU,2020-12-02 00:07:32,-20.34,57.76,75.99,94,75,10.29
110,Macas,EC,2020-12-02 00:07:32,-2.32,-78.12,75.2,69,40,8.05
111,Airai,TL,2020-12-02 00:07:32,-8.93,125.41,72.09,76,79,0.51
112,Bosanski Novi,BA,2020-12-02 00:07:32,45.05,16.38,30.72,95,99,2.17
113,Lashio,MM,2020-12-02 00:05:19,22.93,97.75,52.7,98,0,1.05
114,Buraydah,SA,2020-12-02 00:06:00,26.33,43.98,60.8,100,40,6.93
115,Baykit,RU,2020-12-02 00:07:32,61.67,96.37,-7.76,86,71,2.44
116,Cidreira,BR,2020-12-02 00:07:32,-30.18,-50.21,69.4,81,40,18.25
117,Atuona,PF,2020-12-02 00:07:32,-9.8,-139.03,78.28,76,1,15.77
118,Cayenne,GF,2020-12-02 00:05:18,4.93,-52.33,78.8,94,0,2.24
119,Luanda,AO,2020-12-02 00:02:36,-8.84,13.23,78.8,83,75,8.05
120,Provideniya,RU,2020-12-02 00:07:33,64.38,-173.3,17.6,61,0,13.42
121,Zhigalovo,RU,2020-12-02 00:07:33,54.81,105.16,7.99,92,100,3.38
122,Privas,FR,2020-12-02 00:07:33,44.58,4.5,41.0,67,60,1.01
123,Severo-Kurilsk,RU,2020-12-02 00:07:33,50.68,156.12,30.38,90,66,21.23
124,Leh,IN,2020-12-02 00:05:49,34.17,77.58,20.03,85,98,0.78
125,Saskylakh,RU,2020-12-02 00:07:33,71.92,114.08,17.04,96,100,3.18
126,Esperance,AU,2020-12-02 00:07:33,-33.87,121.9,59.0,62,71,12.75
127,Dikson,RU,2020-12-02 00:07:33,73.51,80.55,30.81,99,100,25.08
128,Chuy,UY,2020-12-02 00:07:33,-33.7,-53.46,62.96,80,87,10.25
129,Royan,FR,2020-12-02 00:07:34,45.63,-1.03,42.8,81,90,11.41
130,Nelson Bay,AU,2020-12-02 00:07:34,-32.72,152.15,73.0,78,75,17.22
131,Lubaczow,PL,2020-12-02 00:07:34,50.16,23.12,27.0,90,0,5.01
132,Monrovia,LR,2020-12-02 00:03:09,6.3,-10.8,78.8,94,75,6.69
133,Bangassou,CF,2020-12-02 00:07:34,4.74,22.82,68.29,53,71,0.65
134,Rorvik,NO,2020-12-02 00:07:34,64.86,11.24,39.88,72,97,21.59
135,Crestview,US,2020-12-02 00:07:34,30.76,-86.57,44.6,60,1,4.72
136,Asau,RO,2020-12-02 00:07:34,46.43,26.4,28.4,86,90,3.36
137,Makinsk,KZ,2020-12-02 00:07:34,52.63,70.42,3.54,94,50,9.48
138,Gat,IL,2020-12-02 00:07:35,31.61,34.76,57.2,76,0,2.24
139,Touros,BR,2020-12-02 00:07:35,-5.2,-35.46,80.6,78,40,10.29
140,Ulaangom,MN,2020-12-02 00:07:35,49.98,92.07,6.33,89,98,3.38
141,Sangar,RU,2020-12-02 00:07:35,63.92,127.47,-19.16,87,100,6.69
142,Aktau,KZ,2020-12-02 00:07:35,43.65,51.2,28.4,68,90,15.66
143,Cherskiy,RU,2020-12-02 00:07:35,68.75,161.3,-16.46,87,35,7.0
144,Saint Anthony,US,2020-12-02 00:05:04,45.02,-93.22,33.01,54,1,3.36
145,Vestmannaeyjar,IS,2020-12-02 00:07:35,63.44,-20.27,39.61,72,100,29.06
146,Bengkulu,ID,2020-12-02 00:07:35,-3.8,102.27,75.45,72,92,4.14
147,Porto Belo,BR,2020-12-02 00:07:35,-27.16,-48.55,73.4,83,75,5.82
148,Tigre,AR,2020-12-02 00:06:19,-34.43,-58.58,73.99,78,0,8.05
149,Andra,RU,2020-12-02 00:07:36,62.51,65.89,18.88,93,11,6.62
150,Acapulco,MX,2020-12-02 00:05:23,16.86,-99.89,84.2,66,75,6.93
151,Rolla,US,2020-12-02 00:03:45,37.95,-91.77,39.2,35,1,4.29
152,Carutapera,BR,2020-12-02 00:07:07,-1.2,-46.02,77.43,88,89,6.11
153,Blagoyevo,RU,2020-12-02 00:07:36,63.37,47.92,24.67,96,97,8.63
154,Port-Gentil,GA,2020-12-02 00:07:36,-0.72,8.78,75.2,94,40,3.36
155,Aklavik,CA,2020-12-02 00:07:36,68.22,-135.01,-2.2,77,40,4.7
156,Grindavik,IS,2020-12-02 00:07:36,63.84,-22.43,37.4,64,75,31.09
157,Kangaatsiaq,GL,2020-12-02 00:07:36,68.31,-53.46,21.06,89,100,12.3
158,Deputatskiy,RU,2020-12-02 00:07:36,69.3,139.9,-4.58,91,80,5.77
159,Aksha,RU,2020-12-02 00:07:36,50.28,113.29,9.72,88,31,8.16
160,Victoria,HK,2020-12-02 00:07:17,22.29,114.16,64.99,71,14,9.4
161,Banda Aceh,ID,2020-12-02 00:07:37,5.56,95.32,79.02,81,97,6.38
162,Meulaboh,ID,2020-12-02 00:07:37,4.14,96.13,76.77,87,60,3.74
163,Casas Grandes,MX,2020-12-02 00:07:37,30.37,-107.95,61.0,8,0,10.0
164,Yumen,CN,2020-12-02 00:07:37,40.28,97.2,12.76,95,95,8.68
165,Itarema,BR,2020-12-02 00:07:37,-2.92,-39.92,80.29,75,9,14.05
166,Tianmen,CN,2020-12-02 00:07:37,30.65,113.16,41.36,80,93,9.17
167,Komsomolskiy,UZ,2020-12-02 00:07:37,40.43,71.72,33.8,86,99,4.7
168,Mar Del Plata,AR,2020-12-02 00:07:37,-38.0,-57.56,73.4,56,20,5.82
169,Malakal,SS,2020-12-02 00:07:37,9.53,31.66,74.37,24,13,6.49
170,High Level,CA,2020-12-02 00:07:37,58.52,-117.14,26.6,73,40,2.24
171,Vieques,PR,2020-12-02 00:07:38,18.43,-65.83,78.8,74,40,6.93
172,Krasnoye,UA,2020-12-02 00:07:38,49.91,24.61,24.8,85,75,11.18
173,East London,ZA,2020-12-02 00:07:38,-33.02,27.91,63.03,65,74,21.45
174,Newport,GB,2020-12-02 00:07:38,51.59,-3.0,44.01,89,95,3.02
175,College,US,2020-12-02 00:03:47,64.86,-147.8,35.6,79,75,6.93
176,Tasiilaq,GL,2020-12-02 00:07:38,65.61,-37.64,19.4,62,96,26.4
177,Kaitangata,NZ,2020-12-02 00:07:38,-46.28,169.85,70.16,29,95,9.95
178,Grandola,PT,2020-12-02 00:07:38,38.18,-8.57,57.0,79,0,1.99
179,Conselheiro Lafaiete,BR,2020-12-02 00:07:38,-20.66,-43.79,66.2,88,75,3.36
180,Ancud,CL,2020-12-02 00:07:38,-41.87,-73.82,55.0,93,90,10.29
181,Inndyr,NO,2020-12-02 00:07:38,67.03,14.03,37.4,55,75,12.75
182,Tuktoyaktuk,CA,2020-12-02 00:07:38,69.45,-133.04,6.8,77,75,14.99
183,Slyudyanka,RU,2020-12-02 00:07:39,51.66,103.71,15.49,89,99,4.12
184,Kenora,CA,2020-12-02 00:07:39,49.82,-94.43,28.4,63,75,5.82
185,Birao,CF,2020-12-02 00:06:43,10.28,22.79,66.97,25,1,5.08
186,Wilkie,CA,2020-12-02 00:07:39,52.42,-108.7,28.4,68,1,12.75
187,Tura,IN,2020-12-02 00:07:39,25.52,90.22,61.05,82,0,2.59
188,Nome,US,2020-12-02 00:04:03,64.5,-165.41,7.0,71,1,8.05
189,Nouadhibou,MR,2020-12-02 00:07:39,20.93,-17.03,68.34,78,97,16.64
190,Portland,US,2020-12-02 00:05:15,45.52,-122.68,48.99,76,20,5.82
191,Lagoa,PT,2020-12-02 00:07:39,39.05,-27.98,62.46,78,80,33.73
192,Avera,US,2020-12-02 00:07:39,33.19,-82.53,37.4,59,1,3.36
193,Upington,ZA,2020-12-02 00:07:39,-28.45,21.26,64.4,42,0,11.41
194,Zhigansk,RU,2020-12-02 00:07:39,66.77,123.37,-11.34,89,100,18.43
195,Kloulklubed,PW,2020-12-02 00:07:39,7.04,134.26,75.2,94,90,3.36
196,Aleksandrovskiy Zavod,RU,2020-12-02 00:07:39,50.92,117.94,-4.07,86,0,2.91
197,Lompoc,US,2020-12-02 00:07:40,34.64,-120.46,63.0,59,1,9.17
198,Itaituba,BR,2020-12-02 00:06:21,-4.28,-55.98,77.97,79,67,2.21
199,Katsuura,JP,2020-12-02 00:07:40,35.13,140.3,51.01,71,75,10.29
200,Luau,AO,2020-12-02 00:07:40,-10.71,22.22,64.76,100,100,3.56
201,Ruidoso,US,2020-12-02 00:03:45,33.33,-105.67,42.8,24,1,16.11
202,Nouakchott,MR,2020-12-02 00:07:40,18.09,-15.98,73.4,60,0,9.17
203,San Andres,CO,2020-12-02 00:07:38,12.58,-81.7,80.6,88,75,11.41
204,Hobyo,SO,2020-12-02 00:07:40,5.35,48.53,78.93,75,52,12.68
205,Mingyue,CN,2020-12-02 00:07:40,43.11,128.92,16.43,84,0,4.54
206,Moranbah,AU,2020-12-02 00:07:40,-22.0,148.05,87.8,40,1,3.85
207,Cabo San Lucas,MX,2020-12-02 00:07:17,22.89,-109.91,75.0,56,5,4.7
208,Butaritari,KI,2020-12-02 00:07:40,3.07,172.79,81.48,80,99,11.25
209,Tocopilla,CL,2020-12-02 00:07:40,-22.09,-70.2,64.45,60,35,2.59
210,Erenhot,CN,2020-12-02 00:07:41,43.65,111.98,3.4,91,92,7.7
211,Kusti,SD,2020-12-02 00:07:41,13.16,32.66,69.39,21,0,11.05
212,Agirish,RU,2020-12-02 00:07:41,61.92,63.02,18.93,91,0,8.52
213,Mandera,KE,2020-12-02 00:07:41,3.94,41.87,80.04,60,22,16.24
214,Marand,IR,2020-12-02 00:07:41,38.43,45.77,33.8,86,75,4.7
215,Huejuquilla El Alto,MX,2020-12-02 00:07:41,22.6,-103.87,61.7,48,0,11.21
216,Vardo,NO,2020-12-02 00:07:41,70.37,31.11,32.74,89,10,19.51
217,Chapais,CA,2020-12-02 00:07:41,49.78,-74.85,28.4,92,90,19.46
218,Rawson,AR,2020-12-02 00:02:44,-43.3,-65.1,69.93,29,43,25.72
219,Santa Rosalia,MX,2020-12-02 00:07:41,27.32,-112.28,68.63,41,0,7.11
220,Kavieng,PG,2020-12-02 00:07:41,-2.57,150.8,84.78,69,100,9.08
221,Codrington,AU,2020-12-02 00:07:41,-38.27,141.97,57.47,56,37,14.32
222,Namtsy,RU,2020-12-02 00:07:42,62.72,129.67,-9.4,76,40,6.71
223,Coruripe,BR,2020-12-02 00:07:42,-10.13,-36.18,77.54,81,66,10.07
224,Pasni,PK,2020-12-02 00:07:42,25.26,63.47,74.01,43,10,5.37
225,Jalu,LY,2020-12-02 00:07:42,29.03,21.55,57.18,85,0,7.76
226,Port Lincoln,AU,2020-12-02 00:04:34,-34.73,135.87,58.03,56,96,7.96
227,Muroto,JP,2020-12-02 00:07:42,33.28,134.15,46.4,75,20,10.29
228,Marbella,ES,2020-12-02 00:07:42,36.52,-4.89,53.6,87,0,9.17
229,Tupelo,US,2020-12-02 00:07:42,34.26,-88.7,46.4,36,1,3.65
230,Klaksvik,FO,2020-12-02 00:07:42,62.23,-6.59,44.6,81,54,17.22
231,Kilosa,TZ,2020-12-02 00:07:42,-6.83,36.98,72.5,91,100,1.63
232,Laguna,US,2020-12-02 00:07:42,38.42,-121.42,62.6,36,1,5.82
233,Ostersund,SE,2020-12-02 00:05:26,63.18,14.64,27.0,86,64,11.41
234,Lasa,IT,2020-12-02 00:07:43,46.62,10.7,30.99,85,5,3.36
235,Angermunde,DE,2020-12-02 00:07:43,53.02,14.0,36.0,35,47,4.36
236,Avarua,CK,2020-12-02 00:07:43,-21.21,-159.78,82.4,78,9,16.11
237,Northam,GB,2020-12-02 00:07:43,51.03,-4.22,46.99,87,78,1.01
238,Oytal,KZ,2020-12-02 00:07:43,42.91,73.27,29.88,82,52,4.97
239,Port Hardy,CA,2020-12-02 00:07:43,50.7,-127.42,44.6,75,75,6.93
240,Hofn,IS,2020-12-02 00:07:43,64.25,-15.21,40.66,69,14,35.72
241,Impfondo,CG,2020-12-02 00:07:43,1.64,18.07,71.96,63,89,0.38
242,Emba,KZ,2020-12-02 00:07:43,48.83,58.14,-0.63,90,0,8.9
243,Severo-Yeniseyskiy,RU,2020-12-02 00:07:43,60.37,93.04,-9.2,91,78,3.89
244,Serpa,PT,2020-12-02 00:07:43,37.95,-7.6,50.0,93,0,2.24
245,Pangnirtung,CA,2020-12-02 00:07:43,66.15,-65.71,8.6,65,40,3.36
246,Port Macquarie,AU,2020-12-02 00:07:43,-31.43,152.92,89.01,69,29,16.11
247,Pacific Grove,US,2020-12-02 00:06:36,36.62,-121.92,63.0,54,1,9.78
248,Tashigang,BT,2020-12-02 00:07:44,27.33,91.55,51.55,52,15,4.18
249,Berlevag,NO,2020-12-02 00:07:44,70.86,29.09,31.35,91,86,16.96
250,Khash,IR,2020-12-02 00:07:44,28.22,61.22,47.88,42,0,0.65
251,Koygorodok,RU,2020-12-02 00:07:44,60.45,51.0,18.88,94,100,8.72
252,Roma,US,2020-12-02 00:03:25,43.21,-75.46,35.6,88,90,9.17
253,Ahipara,NZ,2020-12-02 00:07:44,-35.17,173.17,70.74,56,12,5.21
254,Kieta,PG,2020-12-02 00:07:44,-6.22,155.63,86.54,59,99,3.58
255,Santiago Del Estero,AR,2020-12-02 00:07:44,-27.8,-64.26,84.99,56,56,3.0
256,Cockburn Town,TC,2020-12-02 00:07:44,21.46,-71.14,79.07,65,6,8.52
257,Half Moon Bay,US,2020-12-02 00:07:44,37.46,-122.43,62.6,71,1,13.87
258,Talaya,RU,2020-12-02 00:07:45,61.38,152.75,-9.31,84,0,1.3
259,Borogontsy,RU,2020-12-02 00:07:45,62.67,131.17,-18.29,87,100,5.5
260,Iqaluit,CA,2020-12-02 00:07:45,63.75,-68.51,8.6,71,75,8.05
261,Brae,GB,2020-12-02 00:07:45,60.4,-1.35,48.2,100,100,19.46
262,Flinders,AU,2020-12-02 00:07:45,-34.58,150.86,71.01,72,85,4.0
263,Vanderhoof,CA,2020-12-02 00:07:00,54.02,-124.02,24.17,95,23,1.68
264,Kilindoni,TZ,2020-12-02 00:07:45,-7.91,39.67,81.01,83,100,12.95
265,Guerrero Negro,MX,2020-12-02 00:07:45,27.98,-114.06,69.53,29,0,11.43
266,San-Pedro,CI,2020-12-02 00:07:45,4.75,-6.64,77.47,87,8,4.18
267,Makakilo City,US,2020-12-02 00:07:45,21.35,-158.09,82.4,61,1,12.75
268,Biak,ID,2020-12-02 00:07:45,-0.91,122.88,82.18,72,87,0.49
269,Upernavik,GL,2020-12-02 00:07:46,72.79,-56.15,10.56,90,99,9.62
270,Tomatlan,MX,2020-12-02 00:07:46,19.93,-105.25,76.66,76,17,5.88
271,Carnarvon,AU,2020-12-02 00:07:46,-24.87,113.63,71.6,56,0,13.87
272,Amapa,BR,2020-12-02 00:07:46,1.0,-52.0,74.32,90,20,5.12
273,Hirara,JP,2020-12-02 00:07:46,24.8,125.28,73.4,88,75,18.34
274,Fez,MA,2020-12-02 00:07:46,34.04,-5.0,53.6,58,0,8.05
275,Harper,LR,2020-12-02 00:04:02,4.38,-7.72,78.08,84,33,4.27
276,Saint-Joseph,RE,2020-12-02 00:07:46,-21.37,55.62,77.0,78,90,2.24
277,Marzuq,YE,2020-12-02 00:07:46,14.4,46.47,59.76,79,0,3.0
278,Suda,RU,2020-12-02 00:07:46,59.15,37.56,24.37,98,95,6.73
279,Richards Bay,ZA,2020-12-02 00:03:32,-28.78,32.04,67.59,83,99,13.04
280,Bridlington,GB,2020-12-02 00:07:46,54.08,-0.19,37.4,86,81,3.36
281,Lively,CA,2020-12-02 00:07:46,46.43,-81.15,25.0,67,40,19.46
282,Sao Joao Da Barra,BR,2020-12-02 00:07:46,-21.64,-41.05,75.49,91,98,5.66
283,Santa Maria,BR,2020-12-02 00:07:47,-29.68,-53.81,75.2,73,0,6.93
284,Clyde River,CA,2020-12-02 00:07:47,70.47,-68.59,14.0,78,75,18.34
285,Torbay,CA,2020-12-02 00:05:16,47.67,-52.73,42.01,86,90,25.28
286,Pokosnoye,RU,2020-12-02 00:07:47,55.53,101.05,9.79,93,100,8.57
287,Hasaki,JP,2020-12-02 00:07:47,35.73,140.83,48.0,87,75,6.93
288,Mbigou,GA,2020-12-02 00:07:47,-1.9,11.91,68.38,96,96,2.26
289,Sioux Lookout,CA,2020-12-02 00:07:13,50.1,-91.92,24.8,73,40,4.7
290,Greenwood,US,2020-12-02 00:03:04,34.17,-82.12,37.4,47,1,8.05
291,Smithers,CA,2020-12-02 00:06:00,54.78,-127.17,41.0,65,75,9.17
292,Awjilah,LY,2020-12-02 00:07:47,29.11,21.29,57.07,86,0,7.58
293,Rapid City,US,2020-12-02 00:02:52,44.08,-103.23,35.01,64,90,25.28
294,Vilyuysk,RU,2020-12-02 00:07:47,63.76,121.62,5.61,94,100,9.31
295,Kiunga,PG,2020-12-02 00:07:47,-6.12,141.29,87.76,64,86,1.05
296,Mount Gambier,AU,2020-12-02 00:07:48,-37.83,140.77,57.2,67,75,12.75
297,Vaitape,PF,2020-12-02 00:07:48,-16.52,-151.75,81.43,77,10,16.58
298,Viedma,AR,2020-12-02 00:03:17,-40.81,-63.0,73.0,28,9,11.14
299,Tomesti,RO,2020-12-02 00:07:48,47.12,27.68,30.2,86,90,8.05
300,Axim,GH,2020-12-02 00:07:48,4.87,-2.24,78.51,85,0,6.73
301,Juneau,US,2020-12-02 00:06:28,58.3,-134.42,46.4,93,90,26.4
302,Goderich,CA,2020-12-02 00:06:46,43.75,-81.72,32.0,95,100,19.46
303,Atherton,GB,2020-12-02 00:07:30,53.52,-2.49,43.0,84,98,1.01
304,Pouembout,NC,2020-12-02 00:07:48,-21.13,164.9,83.91,43,0,5.19
305,Naze,JP,2020-12-02 00:04:57,28.37,129.48,71.6,73,75,13.87
306,Traralgon,AU,2020-12-02 00:07:48,-38.18,146.53,61.0,58,49,7.0
307,Lavrentiya,RU,2020-12-02 00:07:48,65.58,-171.0,8.91,90,0,13.58
308,Tokur,RU,2020-12-02 00:07:48,53.13,132.9,-13.07,89,99,3.56
309,Poquoson,US,2020-12-02 00:03:39,37.12,-76.35,44.6,52,1,10.29
310,Celendin,PE,2020-12-02 00:07:49,-6.87,-78.15,57.47,81,88,2.39
311,Mananara,MG,2020-12-02 00:07:49,-16.17,49.77,73.71,90,32,1.23
312,Nayoro,JP,2020-12-02 00:07:49,44.35,142.46,24.12,95,83,6.85
313,Praya,CV,2020-12-02 00:04:12,14.92,-23.51,75.2,69,0,11.41
314,Cururupu,BR,2020-12-02 00:07:49,-1.83,-44.87,76.32,91,78,3.71
315,Kjollefjord,NO,2020-12-02 00:07:49,70.95,27.35,31.55,91,97,13.94
316,Ribeira Grande,PT,2020-12-02 00:07:49,38.52,-28.7,62.47,78,85,34.0
317,San Cristobal,VE,2020-12-02 00:07:49,7.77,-72.22,82.4,78,40,2.24
318,Faya,SA,2020-12-02 00:07:49,18.39,42.45,55.4,87,0,4.12
319,Geraldton,AU,2020-12-02 00:07:49,-28.77,114.6,64.4,48,0,10.29
320,Kawalu,ID,2020-12-02 00:07:49,-7.38,108.21,77.29,79,79,0.96
321,Bathsheba,BB,2020-12-02 00:07:49,13.22,-59.52,78.8,78,40,10.29
322,Kargasok,RU,2020-12-02 00:07:49,59.06,80.86,5.16,93,28,7.36
323,Yendi,GH,2020-12-02 00:07:49,9.44,-0.01,77.22,18,0,0.56
324,Umm Kaddadah,SD,2020-12-02 00:07:50,13.6,26.69,66.88,24,0,12.35
325,Norwich,GB,2020-12-02 00:07:50,52.63,1.3,41.0,86,94,3.36
326,Warsaw,PL,2020-12-02 00:07:50,52.23,21.01,28.0,86,9,9.17
327,Alice Springs,AU,2020-12-02 00:07:50,-23.7,133.88,78.01,25,75,17.22
328,Salvador,SV,2020-12-02 00:07:50,13.83,-88.92,84.2,61,20,8.05
329,Abu Dhabi,AE,2020-12-02 00:07:50,24.47,54.37,69.8,83,0,1.12
330,Port Hedland,AU,2020-12-02 00:07:50,-20.32,118.57,89.6,59,27,6.93
331,Shimoda,JP,2020-12-02 00:07:50,34.67,138.95,53.6,71,75,20.8
332,Bougouni,ML,2020-12-02 00:07:50,11.42,-7.48,72.37,27,0,1.48
333,Heihe,CN,2020-12-02 00:07:50,50.24,127.49,-5.8,83,0,2.51
334,Alakurtti,RU,2020-12-02 00:07:51,66.97,30.35,24.01,95,81,3.18
335,The Valley,AI,2020-12-02 00:07:51,18.22,-63.06,78.8,78,20,4.7
336,Verkhnyaya Toyma,RU,2020-12-02 00:07:51,62.23,45.0,26.87,95,100,7.99
337,Nyurba,RU,2020-12-02 00:07:51,63.28,118.33,4.71,94,100,8.66
338,Dezhou,CN,2020-12-02 00:07:51,37.45,116.29,31.91,98,97,3.06
339,Husavik,IS,2020-12-02 00:07:51,66.04,-17.34,35.6,80,90,29.97
340,Agadir,MA,2020-12-02 00:07:51,30.42,-9.6,62.6,55,0,9.17
341,Sao Filipe,CV,2020-12-02 00:07:51,14.9,-24.5,76.01,73,100,11.54
342,Coahuayana,MX,2020-12-02 00:07:51,18.73,-103.68,78.8,69,40,11.41
343,Malanje,AO,2020-12-02 00:07:51,-9.54,16.34,65.43,97,100,5.35
344,Dunedin,NZ,2020-12-02 00:05:39,-45.87,170.5,64.0,56,100,23.0
345,Atambua,ID,2020-12-02 00:07:51,-9.11,124.89,84.16,62,45,2.35
346,Esfarayen,IR,2020-12-02 00:07:52,37.08,57.51,39.2,93,90,2.24
347,Saint-Francois,FR,2020-12-02 00:07:52,46.42,3.91,44.01,93,90,9.17
348,Hami,CN,2020-12-02 00:07:32,42.8,93.45,16.93,87,0,2.08
349,Tubuala,PA,2020-12-02 00:07:52,9.52,-79.03,78.8,83,40,3.36
350,Wewak,PG,2020-12-02 00:07:52,-3.55,143.63,80.67,82,91,5.57
351,Marrakesh,MA,2020-12-02 00:07:52,31.63,-8.01,57.2,50,0,3.36
352,Beyla,GN,2020-12-02 00:07:52,8.68,-8.63,69.24,83,5,2.77
353,Green Valley,US,2020-12-02 00:02:54,31.85,-110.99,69.8,10,1,8.05
354,Vao,NC,2020-12-02 00:07:52,-22.67,167.48,73.54,70,1,11.54
355,Canutama,BR,2020-12-02 00:07:52,-6.53,-64.38,74.75,92,73,1.36
356,Ushibuka,JP,2020-12-02 00:07:52,32.19,130.02,55.96,67,62,8.63
357,Akdepe,TM,2020-12-02 00:07:52,42.06,59.38,17.6,78,0,6.93
358,Chifeng,CN,2020-12-02 00:07:53,42.27,118.96,7.48,85,29,4.74
359,Sydney Mines,CA,2020-12-02 00:07:53,46.24,-60.22,53.01,87,90,24.16
360,Garowe,SO,2020-12-02 00:07:53,8.41,48.48,70.77,72,0,7.83
361,Buala,SB,2020-12-02 00:07:53,-8.14,159.59,84.83,74,100,10.54
362,Oktyabrskoye,RU,2020-12-02 00:07:53,43.06,44.74,35.6,100,28,4.47
363,Narsaq,GL,2020-12-02 00:07:53,60.92,-46.05,15.78,75,0,11.63
364,Inirida,CO,2020-12-02 00:07:53,3.87,-67.92,71.38,96,98,1.79
365,Alofi,NU,2020-12-02 00:07:53,-19.06,-169.92,78.96,85,41,16.71
366,Geretsried,DE,2020-12-02 00:07:53,47.86,11.48,32.0,88,100,1.34
367,Honiara,SB,2020-12-02 00:07:53,-9.43,159.95,87.51,62,99,7.9
368,Ponta Do Sol,PT,2020-12-02 00:07:53,32.67,-17.1,61.0,77,86,4.0
369,Fortuna,US,2020-12-02 00:07:53,40.6,-124.16,55.99,46,0,1.01
370,Touba,CI,2020-12-02 00:07:54,8.28,-7.68,74.23,66,14,4.29
371,Dzaoudzi,YT,2020-12-02 00:05:21,-12.79,45.27,80.6,78,20,8.05
372,Adeje,ES,2020-12-02 00:07:54,28.12,-16.73,66.0,77,75,6.93
373,Kaeo,NZ,2020-12-02 00:07:54,-35.1,173.78,70.0,71,23,5.99
374,Lata,PT,2020-12-02 00:07:54,40.16,-8.33,55.99,100,92,2.24
375,Mandalgovi,MN,2020-12-02 00:07:54,45.76,106.27,0.12,86,62,7.87
376,Santa Marinella,IT,2020-12-02 00:07:54,42.03,11.85,46.99,95,100,3.0
377,Andros Town,BS,2020-12-02 00:07:54,24.7,-77.77,69.8,60,40,14.99
378,Yuncheng,CN,2020-12-02 00:04:25,35.02,110.99,33.42,94,99,3.06
379,Eyl,SO,2020-12-02 00:07:54,7.98,49.82,76.1,81,10,12.28
380,Gimli,CA,2020-12-02 00:07:54,50.63,-96.99,28.4,68,92,8.84
381,Sitka,US,2020-12-02 00:04:03,57.05,-135.33,55.4,76,90,35.57
382,Xilagani,GR,2020-12-02 00:07:55,40.98,25.42,37.0,70,0,4.0
383,Tilichiki,RU,2020-12-02 00:07:55,60.47,166.1,-7.91,94,100,11.12
384,Areosa,PT,2020-12-02 00:07:55,41.72,-8.86,57.0,76,0,2.24
385,Vuktyl,RU,2020-12-02 00:07:55,63.86,57.31,19.99,96,66,14.81
386,Chumikan,RU,2020-12-02 00:07:55,54.72,135.31,-2.4,85,16,25.72
387,Rongcheng,CN,2020-12-02 00:07:55,30.63,117.85,46.53,89,100,4.27
388,Trinidad,BO,2020-12-02 00:07:55,-14.83,-64.9,78.8,88,75,2.95
389,Cap Malheureux,MU,2020-12-02 00:07:55,-19.98,57.61,75.99,85,6,4.0
390,Almaznyy,RU,2020-12-02 00:07:55,48.04,40.05,28.4,79,75,17.9
391,Egvekinot,RU,2020-12-02 00:07:55,66.32,-179.17,-1.53,88,0,7.02
392,Gashua,NG,2020-12-02 00:07:55,12.87,11.05,71.15,21,5,8.88
393,Muros,ES,2020-12-02 00:07:55,42.78,-9.06,48.99,78,100,1.01
394,Severnyy-Kospashskiy,RU,2020-12-02 00:07:56,59.09,57.8,6.73,96,57,4.09
395,Luderitz,NA,2020-12-02 00:07:56,-26.65,15.16,64.4,55,0,20.8
396,Wanaka,NZ,2020-12-02 00:03:28,-44.7,169.15,62.51,38,48,20.38
397,Kalabo,ZM,2020-12-02 00:07:56,-14.97,22.68,72.23,82,100,1.83
398,Kutum,SD,2020-12-02 00:07:56,14.2,24.67,58.73,31,0,5.99
399,Ayame,CI,2020-12-02 00:07:56,5.61,-3.16,74.3,95,26,3.74
400,Kalmunai,LK,2020-12-02 00:07:56,7.42,81.82,74.64,95,100,17.6
401,Mumford,GH,2020-12-02 00:07:56,5.26,-0.76,79.68,86,2,10.78
402,Svidnik,SK,2020-12-02 00:05:03,49.31,21.57,24.01,78,0,0.49
403,Kisesa,TZ,2020-12-02 00:04:25,-3.08,34.15,65.61,86,86,3.91
404,Caravelas,BR,2020-12-02 00:07:56,-17.71,-39.25,76.68,84,8,9.06
405,Salinas,US,2020-12-02 00:07:56,36.68,-121.66,66.2,45,1,8.05
406,Tigil,RU,2020-12-02 00:07:57,57.8,158.67,4.66,93,81,3.78
407,Saldanha,ZA,2020-12-02 00:07:57,-33.01,17.94,57.2,71,0,12.75
408,Ormara,PK,2020-12-02 00:07:57,25.21,64.64,75.4,43,78,5.75
409,Angoche,MZ,2020-12-02 00:07:57,-16.23,39.91,77.77,83,90,10.4
410,Vallenar,CL,2020-12-02 00:05:10,-28.57,-70.76,62.78,63,0,2.06
411,Whakatane,NZ,2020-12-02 00:07:57,-37.96,176.99,66.0,52,98,5.01
412,Rabo De Peixe,PT,2020-12-02 00:07:57,37.8,-25.58,60.8,82,40,29.97
413,Seoul,KR,2020-12-02 00:04:48,37.57,126.98,35.6,43,90,2.73
414,Loandjili,CG,2020-12-02 00:07:57,-4.76,11.86,77.68,90,79,3.74
415,Eidfjord,NO,2020-12-02 00:07:57,60.47,7.07,16.0,81,73,2.86
416,Lithgow,AU,2020-12-02 00:07:57,-33.48,150.15,71.01,70,21,0.83
417,Santa Isabel,BR,2020-12-02 00:07:57,-23.32,-46.22,73.4,94,90,4.7
418,Hervey Bay,AU,2020-12-02 00:05:39,-25.3,152.85,87.01,58,40,14.99
419,Rocha,UY,2020-12-02 00:07:58,-34.48,-54.33,60.46,83,34,10.51
420,Bilma,NE,2020-12-02 00:07:58,18.69,12.92,64.94,23,0,11.05
421,Yeppoon,AU,2020-12-02 00:07:58,-23.13,150.73,89.6,49,20,6.93
422,Lufilufi,WS,2020-12-02 00:07:58,-13.87,-171.6,86.0,79,90,10.29
423,Sabang,ID,2020-12-02 00:07:58,5.89,95.32,81.77,74,86,5.57
424,Pietersburg,ZA,2020-12-02 00:07:58,-23.9,29.47,69.8,60,17,3.36
425,Road Town,VG,2020-12-02 00:07:58,18.42,-64.62,78.01,78,20,1.12
426,Novosmolinskiy,RU,2020-12-02 00:07:58,56.28,43.05,24.01,73,0,4.47
427,San Quintin,MX,2020-12-02 00:07:58,30.48,-115.95,66.63,48,0,8.88
428,Isla Mujeres,MX,2020-12-02 00:07:58,21.23,-86.73,75.0,60,75,9.17
429,Benguela,AO,2020-12-02 00:07:58,-12.58,13.41,76.1,76,100,3.33
430,Batemans Bay,AU,2020-12-02 00:07:59,-35.72,150.18,72.0,47,98,1.99
431,Verkhoyansk,RU,2020-12-02 00:07:59,67.54,133.38,-5.4,90,100,1.52
432,Elat,IL,2020-12-02 00:07:59,29.56,34.95,57.4,46,24,4.18
433,Tyrma,RU,2020-12-02 00:07:59,50.08,132.17,1.42,91,77,2.48
434,Aksu,CN,2020-12-02 00:07:59,41.12,80.26,21.7,87,100,5.14
435,Phuket,TH,2020-12-02 00:07:59,8.0,98.25,82.0,83,40,5.82
436,Kyzyl-Suu,KG,2020-12-02 00:07:59,42.34,78.01,27.03,80,99,6.13
437,Poum,NC,2020-12-02 00:07:59,-20.23,164.02,77.18,67,1,21.65
438,Pontes E Lacerda,BR,2020-12-02 00:07:59,-15.23,-59.34,85.37,47,86,2.64
439,Kasane,BW,2020-12-02 00:07:59,-17.82,25.15,73.53,76,53,3.15
440,Okakarara,NA,2020-12-02 00:07:59,-20.58,17.43,73.62,22,3,11.86
441,West Bay,KY,2020-12-02 00:07:59,19.37,-81.42,79.0,94,20,6.93
442,Gladstone,AU,2020-12-02 00:07:59,-23.85,151.25,87.8,55,40,9.17
443,Okhotsk,RU,2020-12-02 00:07:59,59.38,143.3,-10.01,85,2,16.91
444,Kohlu,PK,2020-12-02 00:04:36,29.9,69.25,48.69,45,0,1.59
445,Mayo,US,2020-12-02 00:08:00,38.89,-76.51,43.0,52,40,8.05
446,Syamzha,RU,2020-12-02 00:08:00,60.02,41.06,24.78,98,98,7.09
447,Kysyl-Syr,RU,2020-12-02 00:08:00,63.9,122.76,7.66,94,99,8.63
448,Lagunillas,VE,2020-12-02 00:08:00,10.13,-71.26,80.33,79,100,3.6
449,Aswan,EG,2020-12-02 00:08:00,24.09,32.91,56.62,37,0,5.64
450,Salalah,OM,2020-12-02 00:08:00,17.02,54.09,78.8,78,40,2.24
451,Constitucion,CL,2020-12-02 00:08:00,-35.33,-72.42,54.68,74,62,17.96
452,Mehamn,NO,2020-12-02 00:08:00,71.04,27.85,30.69,91,88,14.25
453,Clovis,US,2020-12-02 00:04:59,36.83,-119.7,62.6,33,1,3.36
454,Bairnsdale,AU,2020-12-02 00:08:00,-37.83,147.62,66.0,42,13,5.01
455,Visby,SE,2020-12-02 00:08:00,57.64,18.3,33.01,83,16,3.36
456,Yar-Sale,RU,2020-12-02 00:08:01,66.83,70.83,16.25,95,54,19.55
457,Koslan,RU,2020-12-02 00:08:01,63.46,48.9,23.56,96,100,9.55
458,Swan Hill,AU,2020-12-02 00:08:01,-35.34,143.55,65.37,32,0,11.05
459,Palmer,US,2020-12-02 00:03:27,42.16,-72.33,46.4,52,75,11.41
460,Naantali,FI,2020-12-02 00:08:01,60.47,22.02,37.99,93,90,3.36
461,Ilulissat,GL,2020-12-02 00:08:01,69.22,-51.1,19.4,62,100,5.82
462,Mama,RU,2020-12-02 00:08:01,58.31,112.9,9.75,90,100,4.72
463,Vanavara,RU,2020-12-02 00:08:01,60.34,102.28,-2.02,91,81,8.1
464,Ramganj Mandi,IN,2020-12-02 00:08:01,24.65,75.93,59.13,42,37,1.7
465,Omsukchan,RU,2020-12-02 00:08:02,62.53,155.8,-2.04,81,4,3.11
466,Zhanaozen,KZ,2020-12-02 00:08:02,43.3,52.8,28.47,89,89,17.0
467,Shenjiamen,CN,2020-12-02 00:08:02,29.96,122.3,55.9,73,53,15.93
468,Lago Da Pedra,BR,2020-12-02 00:08:02,-4.33,-45.17,76.28,89,76,4.09
469,Novo Aripuana,BR,2020-12-02 00:08:02,-5.12,-60.38,77.09,85,38,1.16
470,Waynesboro,US,2020-12-02 00:08:02,38.07,-78.89,37.99,55,90,11.41
471,Sur,OM,2020-12-02 00:04:29,22.57,59.53,71.31,81,0,4.34
472,Barkhan,PK,2020-12-02 00:08:02,29.9,69.53,50.5,41,0,1.95
473,Saint-Georges,GD,2020-12-02 00:05:28,12.06,-61.75,78.8,88,20,8.05
474,Gao,ML,2020-12-02 00:08:03,16.64,1.64,76.91,18,4,9.46
475,Jaru,BR,2020-12-02 00:08:03,-10.44,-62.47,78.28,71,72,3.0
476,Quatre Cocos,MU,2020-12-02 00:08:03,-20.21,57.76,75.99,94,75,10.29
477,Quelimane,MZ,2020-12-02 00:08:03,-17.88,36.89,82.4,83,75,3.36
478,Worland,US,2020-12-02 00:08:03,44.02,-107.96,33.8,47,90,19.46
479,Namibe,AO,2020-12-02 00:08:03,-15.2,12.15,69.35,67,6,5.14
480,Xining,CN,2020-12-02 00:08:03,36.62,101.77,14.99,91,97,2.26
481,Muli,MV,2020-12-02 00:08:03,2.92,73.57,82.78,69,99,7.83
482,Urucara,BR,2020-12-02 00:08:03,-2.54,-57.76,80.62,71,55,1.52
483,Saint-Philippe,RE,2020-12-02 00:08:03,-21.36,55.77,77.0,78,90,2.24
484,Bereda,ES,2020-12-02 00:08:04,43.27,-7.54,46.99,100,100,1.99
485,Dakar,SN,2020-12-02 00:08:04,14.69,-17.44,77.0,83,40,11.41
486,Pilar,BR,2020-12-02 00:08:04,-9.6,-35.96,77.0,78,0,9.17
487,Daru,PG,2020-12-02 00:08:04,-9.08,143.21,84.72,78,100,11.18
488,Byron Bay,AU,2020-12-02 00:08:04,-28.65,153.62,84.2,74,90,12.75
489,Ossora,RU,2020-12-02 00:08:04,59.24,163.07,10.24,84,99,5.26
490,Leshukonskoye,RU,2020-12-02 00:08:04,64.9,45.76,28.96,95,100,10.18
491,Aykhal,RU,2020-12-02 00:08:04,66.0,111.5,14.0,92,90,13.42
492,Tenosique,MX,2020-12-02 00:08:04,17.48,-91.43,69.8,88,90,0.63
493,Jos,NG,2020-12-02 00:08:04,9.92,8.9,63.27,28,0,4.76
494,San Patricio,US,2020-12-02 00:08:04,28.02,-97.52,64.4,63,20,16.11
495,Fort Nelson,CA,2020-12-02 00:08:05,58.81,-122.7,32.0,88,75,3.02
496,Strezhevoy,RU,2020-12-02 00:08:05,60.73,77.59,1.4,84,0,4.47
497,Vilhena,BR,2020-12-02 00:08:05,-12.74,-60.15,77.0,88,40,5.82
498,Toamasina,MG,2020-12-02 00:08:05,-18.17,49.38,73.4,94,40,5.86
499,Matara,LK,2020-12-02 00:08:05,5.95,80.54,75.43,91,100,9.64
500,Bafoulabe,ML,2020-12-02 00:08:05,13.81,-10.83,79.16,24,6,2.08
501,Manjacaze,MZ,2020-12-02 00:08:05,-24.71,33.88,70.29,94,68,6.58
502,Ulaanbaatar,MN,2020-12-02 00:03:26,47.91,106.88,-25.6,67,19,2.24
503,Amapala,HN,2020-12-02 00:08:05,13.29,-87.65,87.8,74,75,5.82
504,Tutoia,BR,2020-12-02 00:08:05,-2.76,-42.27,79.23,86,100,14.41
505,Bemidji,US,2020-12-02 00:08:05,47.47,-94.88,30.2,58,1,5.82
506,Vila Franca Do Campo,PT,2020-12-02 00:08:05,37.72,-25.43,60.8,82,40,29.97
507,Bindura,ZW,2020-12-02 00:08:05,-17.3,31.33,66.99,85,100,1.99
508,Zhangye,CN,2020-12-02 00:08:06,38.93,100.45,14.65,95,90,1.21
509,Sarangani,PH,2020-12-02 00:08:06,5.4,125.46,83.59,80,100,11.7
510,Auki,SB,2020-12-02 00:08:06,-8.77,160.7,86.36,65,95,2.55
511,Port Blair,IN,2020-12-02 00:08:06,11.67,92.75,81.39,79,100,11.81
512,Tazovskiy,RU,2020-12-02 00:08:06,67.47,78.7,11.82,96,100,15.21
513,Kharan,PK,2020-12-02 00:08:06,28.58,65.42,53.6,42,0,1.77
514,Karratha,AU,2020-12-02 00:08:06,-20.74,116.85,93.58,22,0,8.08
515,Sortavala,RU,2020-12-02 00:08:06,61.71,30.69,36.41,92,96,6.08
516,Claremore,US,2020-12-02 00:06:36,36.31,-95.62,46.99,31,1,5.82
517,Farafangana,MG,2020-12-02 00:08:06,-22.82,47.83,74.44,82,7,9.19
518,Nanortalik,GL,2020-12-02 00:08:06,60.14,-45.24,27.63,84,16,35.03
519,Formosa Do Rio Preto,BR,2020-12-02 00:08:06,-11.05,-45.19,72.77,64,70,2.46
520,Boguchar,RU,2020-12-02 00:08:07,49.94,40.55,17.01,94,0,10.58
521,Necochea,AR,2020-12-02 00:08:07,-38.55,-58.74,68.0,51,0,13.78
522,Anori,BR,2020-12-02 00:08:07,-3.77,-61.64,79.9,74,57,2.37
523,Sinnamary,GF,2020-12-02 00:08:07,5.38,-52.95,78.01,86,74,10.0
524,Stornoway,GB,2020-12-02 00:08:07,58.21,-6.39,46.4,93,75,10.29
525,Taksimo,RU,2020-12-02 00:08:07,56.34,114.88,2.17,85,99,3.15
526,Xai-Xai,MZ,2020-12-02 00:08:07,-25.05,33.64,71.78,89,55,10.42
527,Grootfontein,NA,2020-12-02 00:08:07,-19.57,18.12,72.82,28,36,6.24
528,Methoni,GR,2020-12-02 00:08:07,36.82,21.7,55.99,80,56,2.24
529,Batagay-Alyta,RU,2020-12-02 00:08:07,67.8,130.41,-6.83,81,100,5.86
